ZipCode,City,State,MedianPrice,Latitude,Longitude,NearestStation,MetroDistanceMeters,DistanceToDC_Meters,Growth_1Y,Growth_3Y,Growth_5Y,Growth_10Y,Price_Volatility,Yelp_Restaurant_Count,Yelp_Avg_Rating,Yelp_Avg_Review_Count,Num_Thai,Num_Coffee,Num_FastFood,Num_Japanese,Num_Italian,Num_American,Num_Bars,Num_HighEnd_Price4
20611,Bel Alton,MD,453322.6266653308,38.4550138,-76.9782444,Franconia-Springfield,38352.31,49481.13,0.0518865072270588,0.0819295306513504,0.3167306181256398,0.5542692056678666,0.0213081037675586,1,3.9,14.0,0,0,0,0,0,0,1,0
20689,Sunderland,MD,552958.2010675721,38.6629521,-76.5794051,Branch Ave,34137.83,46878.23,0.027185525911651,0.0687947717499492,0.2942654055656595,0.4897371413192689,0.0204545106945198,0,0.0,0.0,0,0,0,0,0,0,0,0
20194,Reston,VA,775695.7047574642,38.9810592,-77.3407754,Reston Town Center,3565.41,28565.59,0.0756797213776964,0.1845844858347533,0.3611145608478245,0.457471482242873,0.0196034381414762,19,3.38,144.1,3,11,5,1,5,6,5,0
22027,Dunn Loring,VA,1320904.4614293072,38.8948436,-77.2230654,Dunn Loring-Merrifield,1410.1,16876.94,0.0770517380750429,0.170576262729639,0.3957285028413248,0.5857907954308662,0.0239836097065996,25,3.23,97.5,4,9,5,3,3,4,4,0
22201,Arlington,VA,701983.3795216355,38.8865657,-77.0952497,Clarendon,149.83,5956.36,0.0348238391202104,0.0403558949650574,0.0677157291524428,0.2146775396238882,0.0155748109622768,293,3.85,888.1,31,124,61,22,60,92,66,0
20105,Aldie,VA,1059592.4691371724,38.9531257,-77.6027422,Ashburn,11226.64,50082.01,0.0906557352861034,0.1632624742246664,0.5485877906065594,0.7692946973770252,0.0289741942950948,0,0.0,0.0,0,0,0,0,0,0,0,0
22172,Triangle,VA,529571.1491764424,38.5647266,-77.3714792,Franconia-Springfield,28481.48,47570.75,0.0563014545795436,0.1325189290669597,0.4184783009888341,0.6458231227155371,0.0206306598160085,0,0.0,0.0,0,0,0,0,0,0,0,0
22610,Bentonville,VA,429851.27706764307,38.824656,-78.2791425,Ashburn,71040.45,108628.12,0.1068190345294184,0.2390443680089207,0.5387645721957661,0.8467890074848922,0.0284475467399846,0,0.0,0.0,0,0,0,0,0,0,0,0
20032,Washington,DC,339759.8678792795,38.8337188,-77.0065907,Congress Heights,2052.68,7418.94,-0.0304848822073125,-0.0393609140384472,0.1342854965813489,1.0006100313511073,0.0283488319229786,33,2.33,14.5,0,7,5,0,1,5,2,0
20853,Rockville,MD,636599.3846974443,39.1017131,-77.0945621,Rockville,4880.36,23335.98,0.0593823883938968,0.1240479966241357,0.3179170769486852,0.5159088868651193,0.0224556197216232,10,3.09,147.6,2,4,4,1,2,1,1,0
21788,Thurmont,MD,383239.9623595397,39.5899788,-77.4138613,Shady Grove,56491.13,83778.38,0.0737346454768376,0.1616581187753143,0.4292560474187678,0.694374147882133,0.0166942382723421,0,0.0,0.0,0,0,0,0,0,0,0,0
21703,Frederick,MD,414677.875071699,39.3670313,-77.4734816,Shady Grove,38232.3,64747.4,0.0384544011603654,0.1415341276509044,0.4215664523588262,0.6431535531970435,0.0174589801423244,4,2.35,4.8,1,0,0,0,1,1,0,0
20817,Bethesda,MD,1287573.278586003,38.9972294,-77.151871,Medical Center,4729.56,15348.28,0.0627778646983874,0.1309228761745862,0.3474818288555702,0.412245067548987,0.0250978744313959,2,0.0,0.0,0,0,0,1,0,0,0,0
22310,Rose Hill,VA,673068.0569744637,38.7840711,-77.1228169,Van Dorn Street,1775.83,15120.71,0.0592475502431136,0.1376821975344552,0.3180470579304579,0.5334056695181008,0.0217988597769424,34,2.62,144.1,5,12,18,2,9,4,0,0
22308,Fort Hunt,VA,958078.5189684614,38.7327286,-77.0580885,Huntington,6957.33,18593.47,0.0565132716826413,0.1196319692403527,0.3344370597985816,0.4749498866647417,0.0261108726840629,4,3.88,125.8,1,4,1,0,1,2,1,0
21757,Keymar,MD,447603.1175903279,39.5915743,-77.2681688,Shady Grove,53202.6,79812.14,0.0683804557204334,0.1414445322946285,0.4061246218925164,0.6299254483032729,0.0204854654674245,0,0.0,0.0,0,0,0,0,0,0,0,0
20748,Temple Hills,MD,363233.2022498434,38.8149015,-76.9334361,Branch Ave,2283.43,12377.06,0.03688204291714,0.059593057967759,0.2818156934652261,0.7860324586196118,0.0213881777799704,21,2.05,28.4,1,5,6,1,3,3,0,0
22630,Front Royal,VA,377785.51471232733,38.9302099,-78.1748776,Ashburn,59664.28,99281.25,0.0734952567355144,0.187578531125086,0.5180386139580979,0.9108402301141456,0.0224779553436024,18,4.03,87.9,2,12,0,1,3,9,8,0
20781,Edmonston,MD,434139.4890156525,38.9528597,-76.9462962,Hyattsville Crossing,1623.81,9320.78,0.0279291477212438,0.0614279331796331,0.2669635388473469,0.7564334623892952,0.0213052816531704,68,3.44,162.5,4,27,13,3,3,14,7,0
22735,Reva,VA,422395.21286367014,38.4768647,-78.1742575,Washington Dulles International Airport,82489.39,109964.52,0.0657908609010692,0.1667647131142108,0.517972780152668,0.9346824491123352,0.0250869202848068,0,0.0,0.0,0,0,0,0,0,0,0,0
20735,Clinton,MD,431103.7561647277,38.7502335,-76.9051652,Branch Ave,8556.83,19608.58,0.0219324262451807,0.0625974107495511,0.3238112826613078,0.6976561926039694,0.0208426467292662,5,1.86,20.0,0,3,1,0,0,0,0,0
20191,Reston,VA,633817.0589880521,38.9346448,-77.3517016,Wiehle-Reston East,1765.67,28287.12,0.0700316456688578,0.1756117338645483,0.3398732123975055,0.492515979401194,0.0204369302213465,20,3.42,94.0,2,12,4,1,2,2,1,0
22408,Fredericksburg,VA,431276.3781296558,38.2189398,-77.4440229,Franconia-Springfield,65389.72,83752.14,0.051774115032816,0.1535041158997299,0.4795587455884075,0.7675714042240069,0.0189983847519419,0,0.0,0.0,0,0,0,0,0,0,0,0
20623,Cheltenham,MD,506060.5194475799,38.7413365,-76.8422333,Branch Ave,11288.54,23747.06,0.0184989684872944,0.0646463778976507,0.3310224093447174,0.6366144080337487,0.0196876603533256,0,0.0,0.0,0,0,0,0,0,0,0,0
20708,Laurel,MD,478580.6084801248,39.0573653,-76.8257842,Greenbelt,9009.69,24873.12,0.037856550918965,0.1011220972561774,0.3336870833308343,0.6564930228029701,0.0178349037000874,15,2.15,28.3,0,3,1,0,2,2,2,1
22728,Midland,VA,570547.7302107328,38.5966202,-77.6752625,Washington Dulles International Airport,44526.3,65384.4,0.0718482043469146,0.1644381177321514,0.4309799778329979,0.7791733141614943,0.0243959217736322,0,0.0,0.0,0,0,0,0,0,0,0,0
20181,Nokesville,VA,771668.5048920683,38.6891263,-77.5696104,Washington Dulles International Airport,31462.7,52378.17,0.0716158109322464,0.154621833762083,0.4670835710566288,0.6972312324472789,0.0250973499567605,3,4.17,128.3,0,3,2,0,1,0,0,0
20664,Newburg,MD,403428.1746602791,38.3544851,-76.9253951,Franconia-Springfield,50428.49,61124.4,0.0538588040325867,0.0931006812027477,0.3287872920683817,0.5141558644049845,0.0214991691563912,0,0.0,0.0,0,0,0,0,0,0,0,0
20152,Chantilly,VA,841837.3820823216,38.9191452,-77.502426,Washington Dulles International Airport,6215.85,41106.98,0.0664442261491896,0.1512358640969305,0.4672658845222834,0.6915165052303132,0.0246069716360179,47,3.04,85.4,4,21,14,1,7,10,5,0
20136,Bristow,VA,729348.4304127136,38.7383253,-77.554552,Washington Dulles International Airport,25876.59,48955.98,0.0749904987013903,0.1728574036483352,0.5119647011429023,0.7535255365792043,0.0231110800635041,21,3.11,83.7,4,8,8,2,4,3,0,0
22657,Strasburg,VA,327242.8646650811,39.0026216,-78.3761115,Ashburn,76436.23,117144.2,0.0609264336027471,0.1914257680653484,0.514350377240768,0.8759497968799329,0.0196892472582653,6,3.98,138.3,0,4,0,0,0,2,0,0
20676,Port Republic,MD,479229.70055963,38.4932243,-76.5412735,Branch Ave,49135.79,61756.06,0.0544283722441344,0.0935828035110077,0.3125683258338999,0.4934853743033628,0.0184170683401886,1,3.0,75.0,0,0,0,0,0,1,1,0
22079,Lorton,VA,674261.8864573725,38.6746055,-77.2097393,Franconia-Springfield,10778.99,29437.71,0.0544534446106773,0.139284424778888,0.331924407181374,0.5242728375431894,0.0177455836114804,0,0.0,0.0,0,0,0,0,0,0,0,0
20815,Chevy Chase,MD,1337825.4852937171,38.9833856,-77.0792875,Bethesda,1312.71,10445.35,0.059936229570325,0.0978050668788626,0.3254905740831175,0.3890619658856748,0.0247331453963779,105,3.76,313.1,11,56,18,8,20,36,22,1
20736,Owings,MD,588868.9646214504,38.6890747,-76.627765,Branch Ave,29037.63,41773.56,0.024530623531257,0.0797565819699,0.3202474192912759,0.4967636867051499,0.019732741374537,1,2.3,23.0,0,0,1,0,1,0,0,0
20901,Silver Spring,MD,593160.1887826732,39.0202657,-77.0080206,Forest Glen,3065.77,13672.3,0.0501032804928696,0.0772960740292372,0.2647418613370594,0.4403014570651039,0.0226667856001122,21,2.66,66.8,1,12,6,2,5,1,2,0
20678,Prince Frederick,MD,447724.51653309754,38.5228202,-76.60135,Branch Ave,43264.88,55805.47,0.0418381304583742,0.0650960427373055,0.2688039380519172,0.4656980723006804,0.018639482933049,6,2.77,52.8,2,2,1,0,2,0,0,0
20886,Montgomery Village,MD,387410.6789371904,39.1874145,-77.2071361,Shady Grove,8351.32,35672.82,0.0477093456822461,0.1342699185351281,0.3321731760252489,0.6045274679864366,0.0171873898729553,4,1.25,0.5,1,1,0,0,0,0,0,0
21793,Walkersville,MD,455128.0229649427,39.4915768,-77.3466138,Shady Grove,44194.79,71451.42,0.0530052526135118,0.1649509153255491,0.4571197582218725,0.7206390017267976,0.0176712226547351,10,3.3,27.5,1,2,3,0,2,2,1,0
20842,Barnesville,MD,738300.6038841297,39.1998786,-77.4152652,Ashburn,22616.81,47352.98,0.0583328402613874,0.07657214589994,0.3143723235694956,0.458305777914256,0.0242941794223003,0,0.0,0.0,0,0,0,0,0,0,0,0
20877,Gaithersburg,MD,483104.4806369084,39.1397032,-77.185238,Shady Grove,2821.3,30080.08,0.0528466974632735,0.1159594516838474,0.3084289977738482,0.542255424873299,0.0166566882933236,66,3.58,78.9,0,17,12,1,6,11,5,1
20658,Marbury,MD,350292.7966853783,38.5605819,-77.1604193,Franconia-Springfield,22867.37,39267.82,0.0380003463722791,0.1032802028840987,0.3331803175454869,0.6196908259524962,0.0219036503467028,1,5.0,1.0,0,0,0,0,0,0,0,0
22193,Woodbridge,VA,499386.33864281,38.643671,-77.3486306,Franconia-Springfield,20710.54,39671.69,0.0669376779539039,0.1498901539977474,0.4103914968297276,0.7525444411325192,0.0204406156489583,32,2.47,37.9,0,8,10,0,4,1,1,0
20137,Broad Run,VA,760907.1322135535,38.8067314,-77.7224633,Washington Dulles International Airport,28956.84,60984.04,0.0622147988158596,0.163022969355954,0.4800374824197987,0.7464571800782607,0.0275477052072113,0,0.0,0.0,0,0,0,0,0,0,0,0
20743,Capitol Heights,MD,331537.74350841896,38.88423,-76.8933168,Addison Road-Seat Pleasant,277.12,11769.53,0.0309569466262535,0.0530156436745351,0.3029838182474257,0.9576268649976972,0.0218647822316138,18,1.41,12.6,0,4,4,0,0,2,1,0
22101,McLean,VA,1606340.8244520251,38.9402358,-77.1648991,McLean,4289.72,12720.39,0.0949764246122371,0.201697665826989,0.4185301836494297,0.5237445996876849,0.0263058051253362,56,3.66,165.6,11,26,13,5,18,9,4,0
22209,Arlington,VA,706791.3057654016,38.8950228,-77.0754631,Rosslyn,388.05,4115.12,0.0350684289569451,0.0217475553077776,0.0585960082315341,0.1928903172780212,0.013511443043485,252,3.86,1116.1,29,120,51,25,67,83,70,1
20117,Middleburg,VA,1127819.1179050484,38.9988218,-77.7339374,Ashburn,20958.66,62053.87,0.0804962228113671,0.149862719950748,0.5556864421619153,0.7315628811171743,0.034509778393703,0,0.0,0.0,0,0,0,0,0,0,0,0
20740,College Park,MD,437483.5384898924,39.0028665,-76.9316516,Greenbelt,1974.52,14308.94,0.0472217824067011,0.0896847236665952,0.2882203346430958,0.6505319981198049,0.0198014046001921,45,3.09,112.6,3,27,15,1,5,9,2,0
20601,Waldorf,MD,430373.8005585692,38.613372,-76.8516122,Branch Ave,24327.17,35185.25,0.0396175235755656,0.0752402621924609,0.3485816183115177,0.7042899072367155,0.0198053506854436,0,0.0,0.0,0,0,0,0,0,0,0,0
20170,Herndon,VA,699450.6569894747,38.9800388,-77.3809009,Herndon,3048.99,31838.22,0.0701537920033867,0.1757508320237981,0.3978357287523772,0.617107082861299,0.0224841395145248,81,3.69,199.3,7,30,19,3,14,18,11,0
20007,Washington,DC,1240408.572783155,38.9143373,-77.0793125,Rosslyn,2086.59,4776.67,0.0271286449505966,0.0419680331978786,0.1816846826379696,0.3468284222961543,0.0210429873623011,137,3.97,573.7,12,77,28,19,42,36,37,2
20841,Germantown,MD,847137.8715242507,39.1918529,-77.3275214,Shady Grove,16146.8,41642.32,0.0416258975736145,0.106613850755684,0.3451907826261827,0.4660835950419563,0.0220732265728448,0,0.0,0.0,0,1,0,0,0,0,0,0
22733,Rapidan,VA,365102.9797436912,38.3335882,-78.0457239,Washington Dulles International Airport,86486.11,108441.79,0.0616897107682162,0.1668680313069895,0.4905091716824538,0.7781126291663638,0.0284420018621465,0,0.0,0.0,0,0,0,0,0,0,0,0
20785,Greater Landover,MD,343249.59675787366,38.9182912,-76.8819478,Landover,1955.61,12839.79,0.0357220453808005,0.0538034632940955,0.2600657230693352,0.8790579207028063,0.0192058919773127,36,2.15,16.6,0,3,11,0,2,7,2,0
20745,Forest Heights,MD,360176.6383021365,38.8068092,-76.9958587,Southern Avenue,4193.5,10549.76,0.0299558884912945,0.0393003285912003,0.2525341993919637,0.8101845609332405,0.020487901582268,71,3.03,136.5,1,14,18,3,13,21,13,1
22044,Falls Church,VA,575195.1410328051,38.8620439,-77.1543717,East Falls Church,2657.24,11650.17,0.0491706041794806,0.1666995936587047,0.3371457844820727,0.5405287995096193,0.0221415769312222,131,3.77,357.3,32,38,20,7,5,11,5,0
20677,Port Tobacco,MD,590903.358026025,38.4993293,-77.0349907,Franconia-Springfield,31862.23,44367.88,0.0550458601285363,0.0812065671455488,0.3580235095566785,0.5050835453136389,0.0211804206981386,2,1.4,87.0,0,0,1,0,0,1,2,0
20164,Sterling,VA,589406.2627276505,39.0132988,-77.3950669,Innovation Center,6098.26,34210.73,0.077947642272599,0.1848377833659611,0.414728962755551,0.7480811369178697,0.0207998367111412,37,3.25,96.8,1,19,8,4,6,10,7,0
22301,Alexandria,VA,1022627.4133348736,38.8198527,-77.0596448,Braddock Road,825.78,9140.91,0.0464324355059811,0.0761365946034267,0.2295046073020726,0.4580556039340029,0.0218294024019776,115,3.94,457.9,9,64,17,3,40,30,27,1
20721,Bowie,MD,584356.9504987848,38.9152223,-76.7851289,Downtown Largo,5414.74,21107.83,0.0418287764607777,0.0794301196889325,0.3459490197065051,0.649432130091786,0.0199777548492016,5,1.92,5.0,0,1,0,0,2,1,0,0
20198,The Plains,VA,897738.6115554533,38.8841105,-77.7447608,Ashburn,25712.31,62045.13,0.0369261501337507,0.1003372875989548,0.4361946476744513,0.605669156926813,0.0270976389416382,0,0.0,0.0,0,0,0,0,0,0,0,0
21702,Frederick,MD,448909.28164316464,39.4798268,-77.4559871,Shady Grove,47220.26,74438.57,0.0449423218838797,0.1570873421562824,0.4684092462450214,0.7005984917108071,0.0192002799641361,1,0.0,0.0,0,1,0,0,0,1,0,0
20008,Washington,DC,892732.3295210801,38.9362376,-77.0599814,Cleveland Park,228.41,5039.94,0.0166488328637715,0.0043756372872555,0.1311287635256037,0.285881103811409,0.0218865599299358,103,3.81,486.1,17,49,19,4,25,23,25,0
20613,Brandywine,MD,509074.7980211435,38.6712221,-76.805307,Branch Ave,19642.94,31788.13,0.009222063615112,0.0518698809053063,0.3281861578331395,0.5889363795126284,0.0202787331268363,2,2.3,2.5,0,0,0,0,0,1,1,0
22713,Boston,VA,505536.3909460154,38.5607163,-78.1188163,Washington Dulles International Airport,72880.25,101786.96,0.064728124696727,0.1686872184405608,0.4833832809924301,0.8265738484925617,0.0247528196083612,0,0.0,0.0,0,0,0,0,0,0,0,0
22015,Burke,VA,727917.4306171028,38.7878145,-77.278973,Franconia-Springfield,9850.46,24960.18,0.0623036785392864,0.1712603145442872,0.3678170447696062,0.5847118459896141,0.0243716330169169,35,2.99,104.9,6,19,13,4,4,10,3,0
20112,Manassas,VA,725448.7970099081,38.661923,-77.432845,Franconia-Springfield,25673.14,43838.03,0.0672784905531632,0.1572485643673686,0.4578147429906238,0.6615646367149217,0.0223905394090784,6,2.77,41.3,0,4,2,0,2,0,0,0
22303,Huntington,VA,548175.1773808376,38.7943803,-77.0788367,Huntington,312.24,12362.88,0.060366233983291,0.1610397712850457,0.3146220433257632,0.6200933092044704,0.0184913934028069,88,3.54,224.6,11,28,22,6,21,20,9,0
20818,Cabin John,MD,1268932.2674607318,38.9739384,-77.1621429,Bethesda,5964.97,14323.03,0.0721951252636638,0.1310607624579348,0.3350888090150438,0.3901839381794615,0.0266566902121856,6,3.25,110.3,0,2,2,1,4,1,0,0
20861,Ashton,MD,955702.793508815,39.1497466,-76.9995914,Glenmont,10834.52,28067.5,0.0555919726517397,0.1096185902408503,0.3252419511065145,0.4391941393351872,0.0225750085736992,3,3.9,142.7,1,2,0,0,0,1,0,0
21769,Middletown,MD,554664.947990578,39.4424468,-77.5689117,Ashburn,49065.2,76383.78,0.0694072585984208,0.1465042391346888,0.4345084502464735,0.6222649636585056,0.0200804973814052,0,0.0,0.0,0,0,0,0,0,0,0,0
22041,Falls Church,VA,445639.1895721673,38.8447255,-77.1431965,East Falls Church,4729.35,11609.33,0.0366240628925949,0.1115247161811778,0.2666290953485994,0.4306717600757963,0.0163721543723655,80,3.51,190.3,11,25,15,0,7,6,19,0
20109,Manassas,VA,445157.0562950152,38.7936407,-77.5310242,Washington Dulles International Airport,19404.51,45082.55,0.0646986950912792,0.1888727242804141,0.4579634283909143,0.8234089265846409,0.0182165108975865,67,3.32,96.3,6,25,25,5,5,21,2,0
20851,Rockville,MD,537226.1849358104,39.0790818,-77.1218577,Twinbrook,1860.6,21673.56,0.0616913188315623,0.1447951783918721,0.3222367064995557,0.5993682514188358,0.0219548581613435,68,3.66,283.7,10,30,13,11,11,6,4,0
20860,Sandy Spring,MD,813022.9242118654,39.1423662,-77.0254121,Glenmont,9287.94,27139.58,0.0536309608122896,0.102134348165019,0.3188449401694411,0.4298023596295334,0.020266693632074,4,3.85,128.8,1,3,0,0,0,1,0,0
21701,Frederick,MD,443309.50787154975,39.4435505,-77.3329398,Shady Grove,38793.47,66078.85,0.0371982497016011,0.1517414608780584,0.4358614994218772,0.6468742132534032,0.0185091500773609,4,1.15,2.5,0,1,1,0,1,0,0,0
20814,Bethesda,MD,887875.0820297388,39.0049887,-77.10149,Medical Center,669.58,13453.82,0.0606813497324352,0.064872623067857,0.2273124782485802,0.2379892719861823,0.024035889589565,27,2.49,45.1,0,14,7,2,3,5,1,0
20024,Washington,DC,403766.01579339773,38.8760098,-77.0253225,Waterfront,678.35,2490.51,-0.0289440860965336,-0.1022093204298846,-0.0303005711413129,0.3028072870039124,0.0165700539708688,194,3.8,434.2,13,63,34,8,27,57,46,5
20675,Pomfret,MD,467843.3387933336,38.5809317,-77.0224633,Huntington,24114.53,35293.46,0.0546400171909618,0.1034714309635988,0.3771832408382172,0.6457868364306273,0.0217346071376193,0,0.0,0.0,0,0,0,0,0,0,1,0
20175,Leesburg,VA,814477.238829675,39.0651671,-77.6041178,Ashburn,11785.24,53134.09,0.0692487953768323,0.1680211548928606,0.4630645362085927,0.7186503657755384,0.0232086180931324,0,0.0,0.0,0,0,0,0,0,0,0,0
22315,Alexandria,VA,676354.3168321374,38.7583365,-77.1511915,Franconia-Springfield,1755.25,18865.81,0.0598826711945208,0.1534359940531322,0.3232857790164343,0.5232736191393756,0.0199658546186749,43,3.27,201.9,7,20,22,3,14,10,4,0
20872,Damascus,MD,549247.828867461,39.294465,-77.2161249,Shady Grove,19914.58,46944.54,0.0585873788990545,0.1226028308442577,0.3350170575518222,0.5384672154227504,0.0193614128806496,21,3.23,50.2,0,8,5,1,6,4,1,0
22620,Boyce,VA,532256.9059501566,39.0681889,-78.0322771,Ashburn,47224.44,88827.65,0.0758235556299377,0.1618774290616141,0.5134007415930455,0.8218532646951716,0.0266241270858364,2,4.35,59.0,0,2,1,0,0,1,1,0
20747,District Heights,MD,339580.5213052728,38.8549964,-76.8833074,Addison Road-Seat Pleasant,3637.38,13427.12,0.0262752603533686,0.0423018098502817,0.2626354004793833,0.8230530876901825,0.0188916255449259,64,2.95,32.0,1,11,22,1,8,7,2,0
20879,Gaithersburg,MD,446428.47194668854,39.1680411,-77.1753857,Shady Grove,5437.47,32579.95,0.0462543739362003,0.1085991626944791,0.2994658139709418,0.5629455377357141,0.0181328447638517,41,2.82,68.8,1,15,11,0,4,7,1,0
21774,New Market,MD,599477.1586449892,39.4077665,-77.2684216,Shady Grove,33235.05,60320.85,0.0539995164401628,0.1288064203918254,0.4175507209644129,0.6161011014437718,0.0196793975302413,0,0.0,0.0,0,0,0,0,0,0,0,0
20722,Cottage City,MD,372585.5181961592,38.9345578,-76.9506002,West Hyattsville,2812.9,7823.55,0.0238427786751742,0.0398087700696126,0.2204469690082268,0.8250427418848986,0.0236144788561124,72,3.42,62.0,0,20,12,0,7,12,9,0
22534,Partlow,VA,381285.5794193013,38.0775785,-77.6728586,Franconia-Springfield,88261.75,107133.04,0.046910630976953,0.1958595375924353,0.5368089918593645,1.061068130547812,0.0329717510747186,0,0.0,0.0,0,0,0,0,0,0,0,0
20120,Centreville,VA,691346.6370009243,38.8564011,-77.4763711,Washington Dulles International Airport,11317.5,39083.03,0.0667880797602969,0.1695963270916355,0.3891722486831772,0.6005852477727075,0.0210722710165807,2,0.0,0.0,0,1,0,0,0,0,0,0
22152,Springfield,VA,699661.653888065,38.7744932,-77.2320292,Franconia-Springfield,5560.22,22394.65,0.0640147684686252,0.1807532642234914,0.3799948071362722,0.6325242198359841,0.0236770507231795,27,3.25,109.6,3,10,13,1,5,4,1,0
20005,Washington,DC,520911.52826701687,38.9046738,-77.0315776,McPherson Square,414.28,769.7,-0.0119070585692066,-0.0306238488485969,-0.0376733023203662,0.0346491662872788,0.0121585580091547,1300,3.91,2828.7,93,440,220,92,267,419,444,27
20662,Nanjemoy,MD,385382.3781515288,38.4284708,-77.2053396,Franconia-Springfield,37679.94,54462.26,0.0474517377655411,0.127457686607956,0.3587399225553381,0.6527756525650621,0.021966496238722,0,0.0,0.0,0,0,0,0,0,0,0,0
22153,Springfield,VA,753051.192644995,38.7449685,-77.23564,Franconia-Springfield,6255.5,24778.47,0.0635827803974041,0.1674819992594054,0.3778902608747188,0.5932210563944539,0.0245565690485771,0,0.0,0.0,0,0,0,0,0,0,0,0
22191,Woodbridge,VA,481956.4546092795,38.6229139,-77.2629379,Franconia-Springfield,17898.34,36773.74,0.0584628444344789,0.1436962939431207,0.3894948890675785,0.6667825960060131,0.0175401205525684,34,2.78,47.4,1,6,13,2,1,4,1,0
21754,Ijamsville,MD,677246.4663015885,39.3321236,-77.3162147,Shady Grove,26965.45,54266.2,0.0598140563747389,0.1261406466144675,0.4034837804674119,0.5705309242924833,0.0206343250922387,0,0.0,0.0,0,0,0,0,0,0,0,0
20158,Hamilton,VA,910561.566057175,39.1396576,-77.6579887,Ashburn,20729.88,60674.91,0.0713531117077942,0.1933246138159761,0.5298047692912156,0.8056075360237009,0.0242591874125919,2,3.6,160.5,0,2,1,0,1,2,1,0
20180,Lovettsville,VA,752423.1055608304,39.2685742,-77.6379383,Ashburn,31883.46,66826.32,0.0653081837973488,0.1426616205782251,0.4318517156908237,0.7023274535871606,0.0242090629116459,11,4.07,84.4,2,4,0,0,3,3,1,0
21791,Union Bridge,MD,434349.94460178446,39.5332554,-77.1881428,Shady Grove,46015.4,71937.13,0.0563084696831531,0.1378945708736133,0.3852563664266069,0.613981855648199,0.0176332999166329,0,0.0,0.0,0,0,0,0,0,0,0,0
20130,Bluemont,VA,631945.1745734601,39.036981,-77.9493189,Ashburn,39703.98,81122.01,0.0727174572506694,0.1231829955536619,0.4548801544814558,0.5615975255470707,0.0285383909694881,0,0.0,0.0,0,0,0,0,0,0,0,0
20111,Manassas,VA,512193.22304332774,38.7489677,-77.4278735,Vienna/Fairfax-GMU,19705.24,38407.44,0.0632257699841842,0.1658012099584632,0.4279607178064385,0.7412506513139636,0.0198097853503496,9,2.12,19.4,1,1,1,0,0,1,0,0
22712,Bealeton,VA,473952.6164370637,38.5640083,-77.7572465,Washington Dulles International Airport,51147.47,73361.94,0.0718818661686193,0.1583447648236683,0.4371983430725001,0.861266736141339,0.0206778552309934,2,2.35,6.0,0,1,0,0,0,0,0,0
20036,Washington,DC,378614.3084206867,38.9070167,-77.0415693,Dupont Circle,328.13,1515.75,-0.0096656148058584,0.0027144443623549,-0.0032429961271379,0.1046395165049972,0.0124076488210007,1000,3.91,2333.5,69,390,173,68,225,364,390,23
20839,Dickerson,MD,646801.9649808648,39.1883067,-77.4349705,Ashburn,20928.56,47692.18,0.0317910656937296,0.0227076062757071,,,0.0190901829497162,0,0.0,0.0,0,0,0,0,0,0,0,0
22309,Mount Vernon,VA,585529.9159280648,38.7205267,-77.1066682,Franconia-Springfield,7399.04,20907.24,0.0587829808641245,0.1568543362718681,0.3450425665912709,0.609761868453586,0.0216535458234698,23,2.91,66.8,2,10,4,1,2,1,3,0
20769,Glenn Dale,MD,626672.7356333802,38.9966968,-76.81866,New Carrollton,7147.88,21160.06,0.0399196025834745,0.085721914619423,0.3691228683734503,0.6328155190852285,0.0200159632915507,19,3.09,61.2,0,2,4,1,2,2,2,0
21777,Point of Rocks,MD,512340.9377796532,39.2713103,-77.5193762,Ashburn,29678.17,59314.94,0.0488627130432792,0.1215107748965391,0.4033874354486732,0.5903330958718414,0.0183597890779537,2,4.2,47.0,0,2,0,0,1,0,0,0
20837,Poolesville,MD,719859.0284143174,39.116506,-77.407115,Ashburn,14355.6,40757.77,0.0615033801825772,0.1162520057070636,0.3361273037661195,0.5148051596164763,0.0213085478407793,0,0.0,0.0,0,1,0,0,0,0,0,0
22405,Fredericksburg,VA,458130.8193346919,38.3134876,-77.4038475,Franconia-Springfield,54324.7,72764.82,0.0641166883673859,0.1603108913290643,0.4636636093499963,0.7709898951261354,0.0189028711642891,0,0.0,0.0,0,1,0,0,0,0,0,0
20115,Marshall,VA,667801.294121733,38.8099467,-77.9118412,Ashburn,42360.23,77153.29,0.0658919923467412,0.1644407133198315,0.4513860487274681,0.6372699507054372,0.0263342254399063,0,0.0,0.0,0,0,0,0,0,0,0,0
21773,Myersville,MD,533091.11172953,39.5425752,-77.5517126,Shady Grove,57588.99,84656.93,0.0721766199305804,0.1629754402652595,0.4616598094168312,0.6619140931188682,0.0208079016945912,1,0.0,0.0,0,0,0,0,0,0,0,0
22732,Aroda,VA,356292.9694131261,38.3146304,-78.189884,Washington Dulles International Airport,96089.87,120012.38,0.0834302635658733,0.1699935915326829,0.5413452701035246,0.8562150395477693,0.0276429922421375,0,0.0,0.0,0,0,0,0,0,0,0,0
22314,Alexandria,VA,848302.5506770591,38.8068603,-77.0564394,King St-Old Town,407.41,10459.93,0.0422708743460846,0.0513525689174254,0.1778518986873053,0.3567008544764923,0.0179201755626894,247,3.89,934.3,25,122,51,18,92,87,81,1
23024,Bumpass,VA,414472.63535843085,37.9277524,-77.7792737,Franconia-Springfield,107352.97,126213.56,0.0687513693729572,0.1994567807805621,0.5215750666731238,0.9104260948584892,0.0198139547693952,0,0.0,0.0,0,0,0,0,0,0,0,0
21770,Monrovia,MD,661316.370030236,39.3501956,-77.2562344,Shady Grove,26796.76,53964.41,0.0632360547215796,0.1275940818823256,0.4163769665456134,0.5936087068265634,0.019626134892904,8,3.23,78.9,0,3,2,0,1,2,1,0
22743,Etlan,VA,338960.02303909155,38.5393119,-78.3809697,Ashburn,92897.61,123971.93,0.08372726527544,0.186599364922767,0.6458478743756969,1.0029948733489684,0.0341459779843173,0,0.0,0.0,0,0,0,0,0,0,0,0
22031,Fairfax,VA,760542.787492518,38.8595311,-77.2585471,Vienna/Fairfax-GMU,2312.58,20408.69,0.0589221039615528,0.1248345161882028,0.2714576715525442,0.4130387734728702,0.0188367252008002,46,2.54,165.0,9,20,7,7,6,8,8,0
22042,Falls Church,VA,745039.7741741311,38.8650238,-77.197125,Dunn Loring-Merrifield,3403.98,15091.44,0.066436814832182,0.1761422616056433,0.3531784118948213,0.5832744614036337,0.0244256244885411,50,2.61,142.3,6,17,11,1,3,10,5,1
22719,Etlan,VA,469375.58077759616,38.5348895,-78.2812517,Washington Dulles International Airport,86083.9,115988.74,0.064406039625835,0.1372920014596979,0.5567782165768468,0.8969385959866485,0.0343104126546533,0,0.0,0.0,0,0,0,0,0,0,0,0
21758,Knoxville,MD,443535.1195359006,39.3532044,-77.6568162,Ashburn,41226.77,74160.97,0.0612717904506984,0.1289812370851715,0.4174822318652148,0.6620917825957268,0.0203985832774671,0,0.0,0.0,0,0,0,0,0,0,0,0
20141,Round Hill,VA,836206.2874162864,39.1123904,-77.7907039,Ashburn,28444.29,70063.16,0.0776688483285508,0.1567444881239577,0.483434784549428,0.7232844061706664,0.0233182866891368,1,3.0,1.0,0,0,0,0,0,0,0,0
20617,Bryantown,MD,532969.3559997963,38.5484588,-76.858802,Branch Ave,31315.81,41581.0,0.0469762747069392,0.0797824395308121,0.3194174866998668,0.488282292369517,0.0195935355328361,0,0.0,0.0,0,0,0,0,0,0,0,0
21762,Union Bridge,MD,319115.83371367445,39.4808299,-77.2470888,Shady Grove,40760.46,67467.48,0.0326102979183659,0.1226643841861422,,,0.0211087422334108,1,1.5,4.0,0,3,0,0,0,0,0,0
20622,Mechanicsville,MD,488311.6028133097,38.4185913,-76.8744123,Huntington,45230.01,54985.39,0.058587584406794,0.0781704052404493,0.3146088203705351,0.5116181879856744,0.0213314325062711,0,0.0,0.0,0,0,0,0,0,0,0,0
20637,Hughesville,MD,574735.3927723928,38.5251084,-76.7559481,Branch Ave,36202.97,47745.31,0.0512621906771978,0.0865516588345659,0.3752933162634422,0.5800672616439647,0.02098920981768,0,0.0,0.0,0,0,0,0,0,0,0,0
22643,Markham,VA,770772.8163707132,38.8855678,-77.9833385,Ashburn,44566.08,82684.4,0.0421398349180286,0.0725200909928682,0.3438217353436584,0.4829298695261845,0.0330802937607488,0,0.0,0.0,0,0,0,0,0,0,0,0
22623,Chester Gap,VA,315865.34362604795,38.8489267,-78.1406635,Ashburn,58781.63,96469.17,0.0771188586406359,0.2515506103889369,0.6100575474321758,0.9787488377623256,0.0223512401189261,0,0.0,0.0,0,0,0,0,0,0,0,0
21755,Jefferson,MD,563682.5006974131,39.3596545,-77.5681276,Ashburn,39953.46,69292.52,0.0589265911374794,0.1437777946552718,0.4330272746553662,0.6637381998949179,0.0202082716120512,1,4.5,73.0,0,0,0,0,0,1,1,0
21727,Emmitsburg,MD,356971.1734305594,39.6886352,-77.3292336,Shady Grove,64805.84,91621.89,0.0769769360296367,0.1558482083095153,0.3924230913125202,0.613334614368736,0.0177384464107225,0,0.0,0.0,0,0,0,0,0,0,1,0
20612,Hughesville,MD,333531.62910594436,38.5050595,-76.6772096,Branch Ave,41200.45,53283.95,0.0212006845050543,0.0369366007021138,,,0.0103025684513742,2,2.0,18.0,0,0,1,0,0,0,0,0
22639,Hume,VA,861519.692285637,38.8137793,-78.0190643,Ashburn,50367.04,86320.66,0.0505630835280593,0.1089987559688288,0.4558578494385117,0.6451618254050422,0.0312744303573083,0,0.0,0.0,0,0,0,0,0,0,0,0
22722,Haywood,VA,377616.3838976615,38.4662617,-78.2270685,Washington Dulles International Airport,86777.9,114623.92,0.0786204499445938,0.1593665533350252,0.5515454225566644,0.9075138361249256,0.0274053124782352,0,0.0,0.0,0,0,0,0,0,0,0,0
20616,Bryans Road,MD,412915.9850106628,38.6636629,-77.0974801,Franconia-Springfield,12965.45,26774.95,0.033146530792487,0.0977707121188054,0.3702836218954203,0.7154383764748028,0.0186347817683664,0,0.0,0.0,0,0,0,0,0,0,0,0
21716,Brunswick,MD,391332.03004108666,39.314453,-77.6200192,Ashburn,36118.82,68918.3,0.0446156572128662,0.1478345666293982,0.4237679622769879,0.7832810119709808,0.017712974166543,12,3.68,86.4,0,5,5,0,2,4,2,0
20629,Dowell,MD,447909.9745573376,38.3365819,-76.4504042,Branch Ave,67708.69,80126.77,0.045876126666136,0.059171797991425,0.3692627786035901,0.4543570278858424,0.0271545074538558,23,2.76,51.6,3,6,8,1,5,4,3,0
22731,Aroda,VA,370888.2518973157,38.3365642,-78.257331,Washington Dulles International Airport,98382.41,123719.21,0.0762213786179452,0.1945614556079095,0.584390148118679,,0.0296423630855048,0,0.0,0.0,0,0,0,0,0,0,0,0
20754,Dunkirk,MD,611037.6049679666,38.7307104,-76.6466392,Branch Ave,25382.64,37941.76,0.0328441460687319,0.0798569820818906,0.3051536418449649,0.4725482404916383,0.0205064230968608,18,2.82,47.7,2,7,10,1,4,5,2,0
22134,Quantico,VA,328773.9316124258,38.521753,-77.3850278,Franconia-Springfield,33031.02,52079.34,0.0548387059276241,0.1281623923674605,0.4309706275754086,0.9706167459300816,0.0202929463962631,4,3.4,38.8,0,3,2,0,0,1,2,0
20838,Barnesville,MD,704836.6145761642,39.2181006,-77.3908307,Shady Grove,22331.9,47385.75,0.0341930439018694,0.0502118713500291,,,0.0201623416752673,0,0.0,0.0,0,0,0,0,0,0,0,0
22033,Fairfax,VA,708995.0894364341,38.8752153,-77.3847008,Herndon,8629.46,30971.46,0.0693923494530764,0.177479825831416,0.3752771239557118,0.5890249465051267,0.0217417208454454,34,3.22,165.4,3,18,19,1,7,6,1,0
20833,Brookeville,MD,812237.4014808334,39.2071747,-77.0546701,Shady Grove,13590.51,34421.52,0.0529154303753244,0.1008269920206826,0.3124651035866467,0.4338286784543482,0.0222905718264177,0,0.0,0.0,0,0,0,0,0,0,0,0
20645,Issue,MD,501912.3671026239,38.2945002,-76.9147517,Franconia-Springfield,56908.38,67858.56,0.0428682437499209,0.0856157414472401,0.3394389830003809,0.5129230419195047,0.0194290002795453,1,5.0,1.0,0,0,0,0,0,1,0,0
20705,Beltsville,MD,454569.5977169212,39.0494232,-76.9003618,Greenbelt,4372.94,20107.29,0.0378667396461844,0.1096083273858584,0.3213324007825912,0.6866885407610142,0.0181218878380109,24,2.78,60.5,1,7,1,1,0,4,1,0
20037,Washington,DC,570122.6893438926,38.8989176,-77.0554464,Foggy Bottom-GWU,485.16,2367.59,0.0044143980038546,-0.0347672574327119,0.0024757768683683,0.0916884127727298,0.0117300661642088,596,3.84,1767.2,48,260,110,48,136,190,170,10
20165,Sterling,VA,736611.5429082565,39.0579402,-77.3926944,Loudoun Gateway,9391.06,36171.21,0.0690434928279635,0.1581889033206235,0.4039175220126678,0.5851257275096726,0.0216388333096227,1,3.9,7.0,0,1,1,0,1,0,0,0
22307,Alexandria,VA,730456.336666572,38.7719818,-77.0572726,Huntington,2889.63,14271.76,0.0639646887006736,0.1679077909699488,0.3594496812893388,0.5872023395829878,0.0242271944934814,12,3.43,202.8,0,10,7,1,1,4,2,0
22642,Linden,VA,375831.1397034789,38.9471464,-78.0119047,Ashburn,45444.6,85280.73,0.0794431812226389,0.1964053045191718,0.5395875153894567,0.9814950777430024,0.0222531876770846,0,0.0,0.0,0,0,0,0,0,0,0,0
20862,Brinklow,MD,917994.0929040202,39.1812299,-77.0188057,Glenmont,13620.82,31470.27,0.0574195748369965,0.1144290944480669,,,0.0163260004083959,0,0.0,0.0,0,0,0,0,0,0,0,0
22207,Arlington,VA,1360496.673492187,38.9066646,-77.1242382,Ballston-MU,2937.49,8371.07,0.0806373555046079,0.1308153419544352,0.3008129495044486,0.5202016464459209,0.0275910643304484,59,3.42,154.8,5,28,15,2,15,9,4,0
20695,Waldorf,MD,491507.3637211322,38.5914917,-76.9707842,Huntington,24259.85,34476.07,0.0237487587584073,0.0698273096192107,0.3435437933235323,0.5901999521534339,0.0191651649125476,0,0.0,0.0,0,0,0,0,0,0,0,0
22737,Rixeyville,VA,486379.0939874028,38.5805082,-78.0150561,Washington Dulles International Airport,64474.12,92607.19,0.0784013595644867,0.2096006496764536,0.5494319770657107,0.981865126337716,0.0222809715792262,0,0.0,0.0,0,0,0,0,0,0,0,0
22726,Richardsville,VA,425045.2733369236,38.4024576,-77.8206605,Washington Dulles International Airport,69506.67,88186.39,0.0561706393634796,0.1963490836015668,0.5164670744351751,0.8453756782712668,0.0247150176189916,0,0.0,0.0,0,0,0,0,0,0,0,0
22556,Stafford,VA,518239.2958275541,38.4720527,-77.5109438,Franconia-Springfield,44191.03,63268.29,0.0603651229444264,0.1426225998666934,0.4536209173732158,0.7054421506947919,0.0209194899584877,4,2.2,1.2,0,1,1,0,0,0,0,0
20119,Catlett,VA,617173.8572296527,38.6103802,-77.6220058,Washington Dulles International Airport,41257.81,60640.08,0.0668201685055466,0.1534267210182668,0.4269597824503369,0.596285625565826,0.0260208801553141,2,2.5,1.0,0,0,1,0,0,1,0,0
22306,Alexandria,VA,634233.8186878954,38.7557483,-77.0977828,Huntington,4662.57,16961.83,0.0533619355672499,0.1363356456657033,0.3240921107524862,0.5492455418850921,0.0208901201550107,54,3.33,112.0,2,24,21,4,10,11,2,0
20129,Waterford,VA,1191205.316187424,39.1720181,-77.6012544,Ashburn,20818.33,58111.96,0.0770394565880084,0.2323539909415619,0.6141452851791926,0.8537422977363222,0.0253979169680414,0,0.0,0.0,0,0,0,0,0,0,0,0
22032,Fairfax,VA,842495.9690982631,38.8190464,-77.2903011,Vienna/Fairfax-GMU,6720.09,24353.79,0.0714124767900534,0.158980944947438,0.3670522506907338,0.56249989720827,0.0259006123899447,14,2.3,60.9,2,7,4,1,1,4,2,0
20640,Indian Head,MD,337307.68458777067,38.5254351,-77.2137001,Franconia-Springfield,27046.55,44478.59,0.0507328256121954,0.156683463632955,0.4433786818573213,0.9053783192622772,0.0176968047054768,0,0.0,0.0,0,0,0,0,0,0,0,0
22213,Arlington,VA,1099356.7603325157,38.8952034,-77.1624573,East Falls Church,1136.94,11632.56,0.0687881758039416,0.1306736450994303,0.278459449217774,0.6090587845687757,0.0262686129004911,36,3.14,241.9,7,24,9,3,12,11,6,0
20707,Laurel,MD,411490.8688364676,39.0993778,-76.8827661,Greenbelt,10128.74,25644.36,0.0314346569557521,0.0807574371970142,0.2966280942766599,0.6875047414462427,0.0164580824796289,9,2.43,53.8,0,2,2,0,1,1,0,0
20003,Washington,DC,844935.4665539683,38.881904,-76.9909349,Eastern Market,453.79,3697.43,-0.0198186351248426,-0.0592886962808462,0.0437196681642991,0.2018037017664903,0.0185682665594992,276,3.92,695.7,19,117,44,17,59,90,73,5
22960,Orange,VA,312972.331239644,38.2189958,-78.0733387,Washington Dulles International Airport,98309.12,118174.83,0.0627779388455895,0.1779204418794683,0.5493468406193627,0.9069589739364866,0.0282918773916376,0,0.0,0.0,0,0,0,0,0,0,0,0
20135,Bluemont,VA,606207.1406247449,39.0949392,-77.8649016,Ashburn,33747.41,75548.35,0.0594737074697195,0.155123190973092,0.4868523297092461,0.6177630749253533,0.032198374404156,0,0.0,0.0,0,0,0,0,0,0,0,0
20155,Gainesville,VA,740945.3131637688,38.8101139,-77.6177887,Washington Dulles International Airport,21862.7,51995.66,0.075772761202415,0.1520274674777869,0.4777130524158595,0.6720912203150698,0.0237947937207909,20,3.77,125.3,2,9,10,2,6,4,2,0
20868,Spencerville,MD,771192.4359344543,39.1263949,-76.969321,Glenmont,10217.2,25866.09,0.0516100925865732,0.1018924137589465,0.3232359736982853,0.4126168519664476,0.0225837560088245,1,3.8,37.0,0,0,0,0,0,1,1,0
21710,Adamstown,MD,657775.4012298327,39.2970822,-77.4483019,Shady Grove,31379.16,57280.99,0.0543672883099215,0.1208376470223458,0.413337730778269,0.5934167830445299,0.0218856855568034,0,0.0,0.0,0,0,0,0,0,0,0,0
20710,Bladensburg,MD,320570.6171146726,38.9423683,-76.9259104,Cheverly,3013.86,10107.59,0.0231791049623235,0.0396061811251817,0.224927412674666,0.881252335541669,0.0201071340130041,64,3.34,118.6,4,17,10,3,3,12,9,0
20603,Waldorf,MD,478645.7065694875,38.6303898,-76.9765834,Huntington,20092.09,30123.56,0.0353433902449052,0.074964984058295,0.3593051011481416,0.6638880511467403,0.0206033847885864,7,2.19,18.9,1,1,0,0,0,3,1,0
20607,Accokeek,MD,540738.5552295726,38.6726657,-77.0185489,Huntington,14345.15,25103.37,0.0265153705779529,0.0489353242189754,0.2914546552870178,0.5859505709258562,0.0213704521816427,8,2.73,39.8,1,5,3,0,2,3,0,0
22851,Stanley,VA,261935.43885644135,38.563053,-78.512907,Ashburn,101269.04,134080.63,0.0730409012108685,0.226286143265047,0.6936491728677814,1.153964641858526,0.0227064639733111,1,5.0,2.0,0,1,0,0,0,0,0,0
22749,Woodville,VA,667189.7205142146,38.6196553,-78.1802355,Ashburn,73479.68,104593.49,0.0239257662130832,0.0861903725360694,0.3397470710917237,0.5086266680406487,0.0424014829364684,0,0.0,0.0,0,0,0,0,0,0,0,0
20782,Hyattsville,MD,433284.93777797854,38.965814,-76.9662592,Hyattsville Crossing,873.29,9217.65,0.0294899432550192,0.0409028925217569,0.2154925613323748,0.7145912867297419,0.0206805929287589,65,3.32,80.0,3,20,16,4,8,14,4,0
22611,Berryville,VA,534754.6119842785,39.1688824,-77.9846131,Ashburn,46281.5,87924.97,0.0642650942287097,0.1487550990028885,0.4616184235145529,0.6988372138838496,0.0244532084603633,3,2.13,11.7,0,0,2,0,0,1,0,0
22727,Madison,VA,383339.27390723256,38.4075939,-78.2952919,Washington Dulles International Airport,95512.84,122822.98,0.0681590509806406,0.1510102319558555,0.5049772421631716,0.8404894860323517,0.0279761389646934,0,0.0,0.0,0,0,0,0,0,0,0,0
20615,Saint Leonard,MD,459019.8562112799,38.4162307,-76.5483473,Branch Ave,55542.71,67887.52,0.0415336921278914,0.0708770679719394,,,0.0134294204413619,0,0.0,0.0,0,1,0,0,0,0,0,0
22701,Culpeper,VA,425113.1393150459,38.4387767,-77.9962612,Washington Dulles International Airport,74615.73,98365.62,0.0535019041843789,0.1496416460901029,0.4953244568342609,0.8687237788038225,0.0218340090591365,2,0.0,0.0,0,0,0,0,0,0,0,0
22060,Fort Belvoir,VA,797958.2408125788,38.6934405,-77.153084,Franconia-Springfield,8196.71,25223.74,0.0487213240344113,0.1300346992178479,0.3236324428342166,0.4295612182465566,0.0182120818539072,16,2.05,5.1,0,3,5,0,0,2,0,0
20106,Amissville,VA,562687.2437612497,38.6934138,-78.0025055,Washington Dulles International Airport,56190.22,87464.23,0.076237509359404,0.1797570433314425,0.5051931876561552,0.7614356916664986,0.0204628321555509,0,0.0,0.0,0,1,0,0,0,0,0,0
22715,Brightwood,VA,379428.6192957017,38.4106964,-78.1855991,Washington Dulles International Airport,88153.14,114201.64,0.0745084713736216,0.1466007359786487,0.5225962279256945,0.8928989967720278,0.0286285179119527,0,0.0,0.0,0,0,0,0,0,0,0,0
20016,Washington,DC,1159154.8077035483,38.9370927,-77.0911589,Tenleytown-AU,1554.47,6954.7,0.0306548230857696,0.0501007515131406,0.2427657592473353,0.4483068418926436,0.0260330787062458,73,3.58,151.2,6,29,20,4,13,16,9,0
20712,Mount Rainier,MD,451312.1165244553,38.9423613,-76.9645782,West Hyattsville,1470.99,7362.01,0.0184158784372885,0.0148117939069707,0.1891990653069404,0.7798846885260425,0.0228493183407826,90,3.37,75.8,0,23,17,1,10,15,8,0
20685,Saint Leonard,MD,448856.313649693,38.434862,-76.5267062,Branch Ave,54973.75,67457.41,0.0649641044234493,0.1005949604421277,0.3286708656047971,0.521958125773924,0.0199974094459837,0,0.0,0.0,0,0,0,0,0,0,0,0
20632,Faulkner,MD,488132.3141881866,38.4327994,-76.9579926,Franconia-Springfield,41344.58,52118.28,0.0510547375288908,0.0818052640847001,,,0.0135918017946432,0,0.0,0.0,0,0,0,0,0,0,0,0
20010,Washington,DC,712962.4176546239,38.9333665,-77.0303116,Columbia Heights,563.82,3903.58,-0.0264964555667707,-0.0703163524386022,0.039352902204609,0.2361860632724205,0.0198692167467879,334,4.04,692.6,18,106,41,14,55,88,120,2
20732,Chesapeake Beach,MD,440230.4814946347,38.6551422,-76.5425676,Branch Ave,37316.48,50025.49,0.0354591990757745,0.1092515474238859,0.3327005335756136,0.4991243702529723,0.0169206827783258,0,0.0,0.0,0,0,0,0,0,0,0,0
22734,Remington,VA,420324.8868171633,38.5261852,-77.7945637,Washington Dulles International Airport,56431.97,78323.67,0.0741927959389297,0.1598018206347755,0.4505931636762267,0.8618346242112068,0.0206354130744638,4,3.0,35.8,0,2,1,0,2,1,0,0
22125,Occoquan,VA,556360.9334590302,38.6819,-77.2622191,Franconia-Springfield,12385.51,31476.32,0.0550852279497366,0.1421206271355742,0.3714127780876047,0.5547525853929923,0.0154213023222552,36,3.34,161.7,1,17,9,2,7,10,8,0
20001,Washington,DC,659379.3319437047,38.9103532,-77.0177386,Shaw-Howard U,479.59,1612.17,-0.0301156391629808,-0.0816044347022946,-0.0431308938452317,0.02838387263744,0.015062165271075,787,3.95,2106.4,54,283,150,53,174,281,325,16
20812,Glen Echo,MD,1315162.7237080575,38.9670408,-77.1438813,Bethesda,4684.92,12598.26,0.0633498822019205,0.0934889240658474,,,0.0217195202508115,5,3.9,90.8,0,3,1,2,1,1,1,0
22508,Locust Grove,VA,409703.02663258207,38.3131871,-77.7984717,Franconia-Springfield,74403.02,93348.79,0.0437438494934599,0.110817456930626,0.5061583893087876,0.7978654046761838,0.0274669771942854,3,4.17,41.0,0,0,0,0,2,0,0,0
20774,Upper Marlboro,MD,462672.6360279705,38.8745431,-76.7741529,Downtown Largo,6783.72,22138.06,0.0253692485726916,0.0700429605436945,0.3204874606564548,0.6863461721780116,0.0193469809293891,5,0.0,0.0,1,0,1,0,1,0,0,0
20876,Germantown,MD,487081.0343130955,39.2083835,-77.2371518,Shady Grove,11651.64,38918.96,0.0456930007404305,0.1172560736321833,0.3253403241344103,0.5247853454772692,0.0168226315600411,16,2.64,77.8,2,11,10,1,3,3,2,0
20166,Sterling,VA,619020.8382747174,38.9865095,-77.4559092,Loudoun Gateway,740.64,38277.06,0.0605860573544234,0.1439171048864715,0.3911025012385499,0.5937813376752429,0.0205738682016947,8,2.76,11.8,0,7,0,0,1,4,0,0
20688,Solomons,MD,459509.84007337264,38.3271346,-76.4641828,Branch Ave,67864.84,80213.58,0.0606469644919073,0.107029555843177,0.3198878290261573,0.3669292850380759,0.0165098414892369,28,3.02,83.8,2,6,4,1,5,5,7,0
20148,Ashburn,VA,891964.0893436897,38.9952344,-77.5223408,Ashburn,2886.89,44079.84,0.0646141789220493,0.1286381174482396,0.4266341232418135,0.5968639125305326,0.0246751067659354,20,3.5,157.3,2,9,6,1,6,5,4,0
20147,Ashburn,VA,753517.4932021542,39.0419474,-77.4781301,Ashburn,4238.21,42056.76,0.0626855919435383,0.1596982211469132,0.4203650686902224,0.6373925115345658,0.021740042585074,41,3.06,107.8,3,11,19,2,11,9,6,0
22709,Aroda,VA,399037.4813753332,38.3287309,-78.2137367,Washington Dulles International Airport,96345.91,120923.87,0.0852811214463877,0.1817924561275219,0.5270698793708601,0.8316948180473261,0.0300342518074926,0,0.0,0.0,0,0,0,0,0,0,0,0
22182,Vienna,VA,1224190.832966109,38.9374763,-77.2731723,Spring Hill,2847.38,21645.3,0.0834795467336898,0.1618810589274246,0.3679492719285066,0.4697563008168948,0.0260378255505989,2,1.4,28.5,0,0,0,0,0,1,2,0
20855,Derwood,MD,697047.4943422123,39.1376326,-77.1320205,Shady Grove,3460.81,28085.88,0.0500930502060877,0.0995458393168647,0.2891383838690179,0.4411024764658885,0.0204844981223586,11,3.43,105.1,1,5,4,1,5,2,0,0
22972,Somerset,VA,305344.5093294482,38.215776,-78.2302847,Washington Dulles International Airport,106734.17,129176.66,0.0067042323524606,0.060303265252685,0.375969974300779,0.5547010959623103,0.0388943297169888,0,0.0,0.0,0,0,0,0,0,0,0,0
20783,Langley Park,MD,400810.4385979944,38.9997571,-76.9706976,Hyattsville Crossing,4034.19,12324.99,0.0288866261366833,0.0561252369386213,0.2207215315482338,0.7720252459286688,0.0206506008239005,26,2.72,15.7,1,9,6,1,2,4,2,0
22039,,VA,1159634.3610849434,38.7560698,-77.3139694,Franconia-Springfield,12636.87,29383.15,,,,,,0,0.0,0.0,0,0,0,0,0,0,0,0
20657,Lusby,MD,353292.47560443496,38.3797571,-76.4428828,Branch Ave,64310.41,76864.11,0.0565284875887266,0.1144022663681545,0.3912673108886398,0.580293673014431,0.0186744940491263,10,3.32,31.9,1,4,2,1,1,2,4,0
22043,Falls Church,VA,912015.447414753,38.9008522,-77.1959091,West Falls Church,564.15,14524.58,0.0690999696078088,0.1501137889349597,0.3171424877577311,0.5206914213501279,0.0240283277619326,65,3.83,229.2,8,22,21,7,12,19,6,0
22066,Great Falls,VA,1633353.171350376,39.0120489,-77.3025663,Wiehle-Reston East,7853.92,26892.87,0.0864188665929775,0.1865624510880695,0.5131319460583603,0.5164394156381199,0.0280546437576727,1,4.0,2.0,1,1,0,0,0,0,0,0
20184,Upperville,VA,1205807.5602574532,39.0006706,-77.8837541,Ashburn,33895.75,74864.04,0.0825092182564118,0.1318599154252607,0.4850122479528364,0.44506887900131,0.0359295894464753,2,4.25,233.0,0,1,0,0,1,1,1,0
20903,Silver Spring,MD,516951.1168681852,39.0221788,-76.9846774,Forest Glen,5090.43,14276.84,0.0476831238421819,0.0756487874579157,0.2559730588409653,0.5812237764039083,0.0243220964909082,15,2.54,95.6,2,5,3,1,1,3,2,0
20009,Washington,DC,585578.7272695679,38.9191435,-77.0373808,U Street/African-Amer Civil War Memorial/Cardozo,787.81,2452.58,0.0015476440904478,-0.0168953309572488,0.0323748457066528,0.1517869709661531,0.0121595995186205,721,3.94,1668.3,62,257,109,38,176,282,372,10
22311,Alexandria,VA,705415.824652547,38.8336078,-77.1254323,Van Dorn Street,3842.21,11079.88,0.0543483615550341,0.1115231121667262,0.2767293520461664,0.5062311698712567,0.022041322086557,67,3.36,103.2,2,26,15,2,11,14,21,0
22551,Spotsylvania,VA,428712.05433435366,38.1698379,-77.700023,Franconia-Springfield,80840.54,99884.33,0.0482566916642097,0.1646014264106107,0.4867462157051254,0.8345207397794996,0.0265740329480471,2,2.5,0.5,0,0,0,0,0,0,0,0
20784,Landover Hills,MD,373045.85573360504,38.9505468,-76.8917196,New Carrollton,1722.71,13150.45,0.0366084702170639,0.0583951107802329,0.2836338821809032,0.8700759311315579,0.0213075839737954,54,2.86,32.1,0,14,17,1,3,5,1,0
22302,Arlington,VA,456397.1028265264,38.8278875,-77.0831325,Braddock Road,2975.79,9165.73,0.0249178070290069,0.0243297391066006,0.1246318161474405,0.3077925365758089,0.014908335240618,42,3.4,375.0,5,29,14,3,12,16,7,0
21780,Sabillasville,MD,381077.0642298406,39.6774173,-77.4655819,Shady Grove,67168.94,94460.98,0.0851051956564926,0.1476638816210159,0.4157495546925077,0.7503082840030587,0.0248157648831037,0,0.0,0.0,0,0,0,0,0,0,0,0
20896,Garrett Park,MD,1074416.5669693751,39.0353824,-77.092454,Grosvenor-Strathmore,1224.59,16226.24,0.0584746925056874,0.090232433087289,0.2800699331011539,0.4317248669492545,0.0253165203022819,45,3.36,148.6,4,21,9,3,11,10,2,0
20852,Rockville,MD,583287.5614588632,39.0519284,-77.1220399,North Bethesda,882.33,18914.37,0.0557003063047917,0.0683032839963066,0.1742456055041326,0.2293223247971541,0.0168452203605516,163,3.86,559.1,17,76,34,22,34,30,19,0
22124,Oakton,VA,1058990.5375889528,38.8929969,-77.3325535,Vienna/Fairfax-GMU,5546.59,26354.69,0.0716626400126175,0.1458578429670207,0.3669834767543699,0.4650531212818565,0.026910163874481,0,0.0,0.0,0,0,0,0,1,0,0,0
20715,Bowie,MD,483635.8862809312,38.9893926,-76.7413308,New Carrollton,12223.65,26789.2,0.0331839853450524,0.0856568412466885,0.3468502251408187,0.6242594114302256,0.0214807914716537,46,2.65,66.9,4,17,18,4,10,7,4,0
22720,Goldvein,VA,601847.8001261661,38.4759478,-77.641881,Franconia-Springfield,52252.18,71018.41,0.0731998187422098,0.1464305693247108,0.4525201017551203,0.769524224186114,0.0234881598442048,0,0.0,0.0,0,0,0,0,0,0,0,0
22738,Aroda,VA,399661.4690776115,38.2939307,-78.2809313,Washington Dulles International Airport,103197.57,127946.34,0.0836228972927623,0.1808899573304564,0.5222924006440842,0.8280232090577536,0.0311860891831723,1,0.0,0.0,0,0,0,0,0,0,0,0
20850,Rockville,MD,723352.5383034283,39.0913903,-77.1821972,Rockville,3188.91,25265.1,0.0581369954879805,0.1209985806283585,0.2498108801002103,0.3453513157192022,0.0173105132738873,36,2.93,142.6,5,17,9,2,6,6,5,0
20874,Germantown,MD,425283.53673311864,39.1300307,-77.2985477,Shady Grove,11582.69,34783.7,0.0365338240333913,0.1145140517043138,0.3100661418241642,0.5236520254488234,0.0162905311975251,2,2.35,24.0,0,0,1,0,0,0,1,0
22627,Flint Hill,VA,622200.8821419069,38.7574545,-78.1442256,Ashburn,62858.65,97943.55,0.0751846719415643,0.1980974900529365,0.4917170200835713,0.6530795608608639,0.032580410898272,0,0.0,0.0,0,0,0,0,0,0,0,0
20602,Waldorf,MD,384637.2522261107,38.5833937,-76.894551,Branch Ave,27130.16,36882.24,0.0357528224054203,0.0852472250981623,0.3717752823803539,0.7692399709834695,0.0190728775873948,14,1.27,4.7,1,2,0,0,2,1,0,0
20816,Bethesda,MD,1356616.5606064147,38.9569499,-77.1200056,Friendship Heights,2973.06,10282.61,0.0551914198560391,0.1026281599602039,0.3539905744357089,0.4309685659222561,0.0279020135667446,21,3.11,67.0,2,13,2,2,5,2,2,0
20904,Silver Spring,MD,589885.2651166003,39.0666045,-76.9809353,Glenmont,6280.79,19153.15,0.0581883887508815,0.1072162868049464,0.3096453850708002,0.5791390855178195,0.0216131749678044,24,2.2,68.3,2,7,11,1,3,5,1,0
22192,Woodbridge,VA,520508.2300738239,38.6836989,-77.3146732,Franconia-Springfield,15625.42,34443.02,0.0627857587698862,0.1621400342069981,0.4138219362135617,0.6817856370178534,0.0186400150466159,19,3.06,57.5,3,10,4,1,4,3,1,0
20880,Washington Grove,MD,650806.419009454,39.1397262,-77.1735575,Shady Grove,2335.57,29640.66,0.0435027001461645,0.1393908827230753,0.3098603474503096,0.4765297630977698,0.0234800510140034,26,3.08,59.6,0,7,4,0,2,2,2,0
20151,Chantilly,VA,775975.5186491064,38.8965237,-77.4451413,Washington Dulles International Airport,6594.58,36091.29,0.060142715722442,0.1590565986001766,0.3961483263453572,0.6153730368648875,0.0234670369228175,104,3.69,222.8,11,35,38,8,12,21,9,0
22203,Arlington,VA,656429.8856047317,38.8736915,-77.1173397,Ballston-MU,1046.14,8194.59,0.0305583056302401,0.0100030670544494,-0.0043719244668971,0.2056164642834415,0.0215515948317856,155,3.91,498.6,11,67,34,7,23,38,21,0
20018,Washington,DC,575198.3081944374,38.9265762,-76.9744461,Brookland-CUA,1889.54,5606.52,-0.0337583299719672,-0.0637657447442435,0.094477758704258,0.4838004384016461,0.0272130529928255,115,3.8,144.8,1,38,12,2,23,24,27,1
22640,Huntly,VA,581006.0599533968,38.8120153,-78.1421189,Ashburn,60254.81,96939.81,0.0669800896208577,0.1841831565996117,0.4686041098303046,0.6006159573427169,0.0313483611542873,0,0.0,0.0,0,0,0,0,0,0,0,0
20625,Cobb Island,MD,351313.147701819,38.2622235,-76.84727,Huntington,62352.43,72454.34,0.0568363764907003,0.1309870100670136,0.396540558247085,0.5656076916048512,0.0193840482089803,4,2.67,52.5,0,0,0,0,0,1,0,0
20020,Washington,DC,381689.9161071035,38.8604134,-76.9789328,Anacostia,1458.97,5988.6,-0.0322616226926902,-0.0485974644395879,0.1084613258293111,0.6595372037482284,0.0267320483853621,74,3.43,34.6,0,21,9,2,6,13,2,0
22046,Falls Church,VA,1046653.8842379674,38.8863344,-77.1809752,West Falls Church,1752.67,13297.59,0.0793985882558742,0.1541419620302172,0.3378510992374559,0.5201541026238837,0.0216517334360205,117,3.92,354.7,14,48,25,8,23,27,16,0
20770,Greenbelt,MD,281400.8518766154,39.0029849,-76.8791651,Greenbelt,2922.5,17359.77,0.0306028789655378,0.0825943286955645,0.2547013512272286,0.5716923114025269,0.0130273343194928,30,2.58,57.5,1,16,7,1,3,7,5,0
22204,Arlington,VA,626200.4214074995,38.8607849,-77.098984,Virginia Square-GMU,2546.09,7419.81,0.0434386082264953,0.0925799099226391,0.1911111016487123,0.4588857311972441,0.0220338561231049,110,3.67,290.7,14,38,29,6,17,21,21,0
22305,Alexandria,VA,799612.3167343531,38.8365078,-77.0621397,Potomac Yard,1410.09,7476.66,0.044800008131552,0.07917820236007,0.2298263504609461,0.5413677175839738,0.0213593470917242,127,3.76,278.4,7,53,21,3,30,32,28,0
22718,Elkwood,VA,440710.6754235342,38.477181,-77.8274601,Washington Dulles International Airport,62571.3,83703.49,0.0405377317978443,0.1528428501814815,0.4491943667346961,0.7270979294385262,0.0277414605779737,0,0.0,0.0,0,0,0,0,0,0,0,0
20744,Fort Washington,MD,440323.3535836008,38.758348,-76.9837862,King St-Old Town,8577.02,16028.7,0.0343276441049049,0.0589186167829772,0.2970855077641515,0.6741082051270558,0.0215710758104817,24,2.45,58.6,2,4,9,0,4,3,4,0
22030,Fairfax,VA,808508.311990626,38.8371379,-77.3404656,Vienna/Fairfax-GMU,7478.78,27885.56,0.0721123596115718,0.1627923335788969,0.3533688592792941,0.5261083283851451,0.0216352727155245,18,3.67,190.8,2,5,2,2,5,1,0,0
20143,Catharpin,VA,1030375.9548928472,38.8595559,-77.5641433,Washington Dulles International Airport,14670.66,46600.79,0.0809902605842424,0.1753466906513137,0.5117377867644584,0.7119611556171553,0.026498732072368,0,0.0,0.0,0,0,0,0,0,0,0,0
20832,Olney,MD,658358.9998603804,39.1506303,-77.0707081,Shady Grove,8818.53,28297.92,0.0571678214984574,0.1128683040157706,0.2866764543126044,0.4257532044123747,0.019781168563815,53,3.29,127.1,5,19,19,3,8,13,6,0
22554,Stafford,VA,556010.9184921643,38.4267643,-77.3766456,Franconia-Springfield,41836.03,60539.27,0.0586223433572405,0.1341244486755923,0.4516128899104805,0.6989008706115108,0.0213812567300521,1,5.0,1.0,0,0,0,0,0,0,0,0
22663,White Post,VA,456633.61481704825,39.0547399,-78.1106036,Ashburn,53755.68,95177.78,0.0477732713622058,0.0824217706398968,0.340483354664827,0.7042805777816058,0.0235641986876681,0,0.0,0.0,0,1,0,0,0,0,1,0
20169,Haymarket,VA,817637.1317490498,38.8791655,-77.6454485,Washington Dulles International Airport,19077.53,53474.11,0.0710886207101659,0.1247116014798005,0.4696445835349568,0.6263073672035465,0.0250342180423721,2,4.5,1.0,0,1,0,0,0,0,0,0
20012,Washington,DC,819156.480537443,38.9768729,-77.0326088,Takoma,1285.86,8745.28,-0.0059436593881267,-0.0154704374306626,0.147071669671238,0.4330377238638326,0.0289026574599183,70,3.47,73.1,1,27,8,0,7,11,20,0
20895,Kensington,MD,811380.408791245,39.0270303,-77.0775385,Grosvenor-Strathmore,2310.85,14938.45,0.0562509389797363,0.1115532804243721,0.2887026025709941,0.416814001416268,0.0237550536011599,32,3.45,117.9,2,23,6,3,7,10,4,0
22151,Springfield,VA,715040.2214316466,38.8040933,-77.2078041,Franconia-Springfield,5408.48,18759.19,0.0589811828271686,0.154242027416491,0.3378809411823943,0.5961890966619152,0.0252714806039849,11,3.4,117.0,1,8,4,1,3,3,2,0
22714,Brandy Station,VA,503216.7169689212,38.5196714,-77.8954186,Washington Dulles International Airport,62101.05,86232.26,0.078909597647622,0.1996639225924233,0.519512857080908,0.8823471767363026,0.0214253848063035,0,0.0,0.0,0,0,0,0,0,0,1,0
20902,Silver Spring,MD,546238.5341464886,39.0452485,-77.0392638,Wheaton,1264.13,16368.08,0.0483897363782662,0.0838305398059136,0.2649221381302644,0.4946457076120006,0.0219400242705919,147,3.69,176.8,13,40,27,5,9,16,17,0
22180,Vienna,VA,1031859.0475141476,38.8954393,-77.2561334,Vienna/Fairfax-GMU,2382.68,19736.78,0.0768707604874773,0.1537865213462198,0.3283239044161252,0.5105238949397872,0.02499435607775,94,3.92,308.5,15,48,19,8,27,21,13,0
20720,Bowie,MD,574536.735590066,38.9827801,-76.7858241,New Carrollton,8422.24,22962.86,0.0328455770783421,0.0776566613902197,0.337783812847011,0.5983681181619581,0.0188384236525682,8,3.31,157.2,1,4,3,1,0,3,1,0
22003,Annandale,VA,761728.2461126256,38.8298165,-77.2153177,Dunn Loring-Merrifield,6031.84,17909.24,0.0627953988896658,0.1497522834678641,0.3303687955650427,0.5496173813273322,0.0259480860952222,42,2.53,186.1,5,8,6,9,2,2,2,0
22025,Dumfries,VA,574854.1434193142,38.5924178,-77.3468662,Franconia-Springfield,24739.2,43830.56,0.0620661949314277,0.1555937601493656,0.4288449029211782,0.6650336461959654,0.0204785522130984,22,3.15,95.7,2,8,9,1,5,7,2,0
21778,Rocky Ridge,MD,438525.7613861077,39.6158977,-77.3343033,Shady Grove,57050.8,84035.38,0.0881082758584847,0.1879188667831879,0.490740918654113,0.7141140748851074,0.0203209413358814,0,0.0,0.0,0,0,0,0,0,0,0,0
20772,Upper Marlboro,MD,470473.79459171795,38.7802798,-76.7669781,Branch Ave,13608.72,26147.73,0.0210394412716781,0.0602225175645266,0.3224672319783859,0.6569199703805314,0.0196439804536341,0,0.0,0.0,0,0,0,0,0,0,0,0
22747,Washington,VA,633303.9715257107,38.7090557,-78.1656739,Ashburn,67024.74,100795.7,0.06940429183063,0.2077224418510816,0.4655444849358247,0.6056750818602784,0.0341610090226183,3,4.47,313.3,0,1,0,0,0,3,0,1
22026,Dumfries,VA,579289.9859261583,38.5608503,-77.2960992,Franconia-Springfield,25361.2,44140.85,0.0603893573440962,0.1237930392725099,0.402609099087612,0.6736402499105401,0.0191651232319756,0,0.0,0.0,0,0,0,0,0,0,0,0
20737,East Riverdale,MD,396955.6665391873,38.9642651,-76.9135381,College Park-U of Md,2042.39,12328.52,0.0358229690795728,0.0721480198169618,0.2821428581145722,0.853856271669645,0.0205739041884253,26,2.33,14.4,0,7,4,0,1,2,2,0
20912,Takoma Park,MD,680502.4808280085,38.9815963,-77.0011301,Takoma,1593.6,9550.98,0.0421795865410681,0.0611507695421748,0.2529061715352436,0.4802929886423842,0.0250686411130651,124,3.55,146.1,6,39,15,5,14,15,19,0
22407,Fredericksburg,VA,445460.54384083505,38.2834738,-77.5756842,Franconia-Springfield,64289.91,83299.49,0.0550124986840493,0.1538855345177468,0.4976040427800658,0.7966567222028724,0.020080790033101,31,2.7,33.8,2,8,15,0,4,7,2,0
20866,Burtonsville,MD,464578.0330280032,39.109331,-76.9338521,Greenbelt,11101.06,24838.28,0.0476740882457192,0.1119529091660272,0.2990807904133202,0.553155092667793,0.0168938760146004,30,3.0,123.0,1,15,13,1,6,8,3,0
20693,Welcome,MD,496947.87696908606,38.4570678,-77.089581,Franconia-Springfield,35048.51,49352.54,0.0499097633583475,0.1132722924778768,0.3981403456486516,0.6096151796959731,0.0191600742971878,0,0.0,0.0,0,0,0,0,0,0,0,0
21704,Frederick,MD,646749.6781234224,39.3547629,-77.3756589,Shady Grove,31810.38,58949.04,0.0493231366227181,0.1203692838095317,0.4055763301737043,0.5224208918779462,0.0212879404231827,5,2.7,64.0,0,0,1,0,1,1,1,0
20639,Huntingtown,MD,583227.8929574307,38.6072782,-76.6097837,Branch Ave,35846.74,48611.04,0.04138665772698,0.061476082312063,0.2773465736163178,0.473747934125465,0.0189888318858641,2,4.15,27.5,0,2,0,0,1,1,0,0
20714,North Beach,MD,395423.2999055058,38.7236885,-76.5527478,Downtown Largo,32071.81,45533.92,0.0339453851265728,0.1445172918113499,0.390465475895258,0.6997403073764521,0.0168842632853253,3,2.63,177.0,0,1,0,0,0,2,0,0
20854,Potomac,MD,1282066.5982313568,39.0329948,-77.2223122,Rockville,8681.71,22499.99,0.0695432627400865,0.1471769492431791,0.3750362998181215,0.3928239061480806,0.0245760926153753,0,0.0,0.0,0,0,0,0,0,0,0,0
20646,La Plata,MD,473610.33170613815,38.5232576,-77.0029859,Franconia-Springfield,30605.43,41760.03,0.0411842967595028,0.0778468789592432,0.3191042360870181,0.4914576256267222,0.018585242184923,0,0.0,0.0,0,0,0,0,0,0,0,0
20878,Gaithersburg,MD,724845.8217955707,39.115209,-77.2516098,Shady Grove,7496.27,30898.23,0.0498981985459931,0.1211124339952999,0.2922826721956389,0.3996243775897949,0.0182430392332508,74,3.68,191.9,13,40,20,6,16,17,7,0
22406,Fredericksburg,VA,557961.866643333,38.3992445,-77.5440087,Franconia-Springfield,52229.89,71320.98,0.059290097161473,0.1305127612890669,0.4586891310801863,0.684266559183345,0.0219100387044895,0,0.0,0.0,0,0,0,0,0,0,0,0
22740,Sperryville,VA,516041.62552280613,38.6456898,-78.2869532,Ashburn,79665.54,112689.02,0.0550626191194786,0.1498567389321897,0.4372453235044849,0.6015425945966039,0.0264050840481163,0,0.0,0.0,0,0,0,0,0,0,0,0
20121,Centreville,VA,566148.3789513618,38.8110588,-77.4632373,Washington Dulles International Airport,16145.62,38908.21,0.0676512303035319,0.1840363812528505,0.3915283679701766,0.6473011745925339,0.0181754848197156,8,2.9,18.8,0,7,1,0,0,4,4,0
20176,Leesburg,VA,817414.1808296187,39.1847063,-77.5441108,Ashburn,20460.34,54774.19,0.0626820180241343,0.1586411014385466,0.464273338828737,0.6922461853300924,0.0236101546377264,0,0.0,0.0,0,0,0,0,0,0,0,0
22736,Fredericksburg,VA,448979.6320194555,38.3981652,-77.704567,Franconia-Springfield,61991.02,80893.94,0.0754810751303834,0.2282124201918579,0.5742590322721532,0.9263482871828332,0.023492757866123,0,0.0,0.0,0,0,0,0,0,0,0,0
20187,Warrenton,VA,697743.3846371564,38.7228715,-77.7480453,Washington Dulles International Airport,36679.72,65358.86,0.0658304241738204,0.1403205402276835,0.4571945657357628,0.6921576127852211,0.0248285176717892,0,0.0,0.0,0,0,0,0,0,0,0,0
22102,McLean,VA,816149.3298499432,38.949956,-77.2291524,Spring Hill,2553.76,18316.39,0.0522454364140838,0.1020353823674228,0.2032224679594476,0.2570509159496623,0.0196463898644265,7,2.27,18.0,0,3,1,0,0,3,1,0
20882,Gaithersburg,MD,794367.5383841865,39.2391217,-77.1510705,Shady Grove,13319.47,39356.18,0.0585551764917278,0.10083277726512,0.3599071019843153,0.4698404271632478,0.024127896525393,0,0.0,0.0,0,0,0,0,0,0,0,0
22724,Jeffersonton,VA,617008.7392692438,38.6146452,-77.8939812,Washington Dulles International Airport,54149.68,81437.43,0.0736992730401737,0.1694669799332936,0.5195728084866623,0.8313347865312358,0.0210815396903866,0,0.0,0.0,0,0,0,0,0,0,0,0
22312,Lincolnia,VA,634972.4152187244,38.815789,-77.1542714,Van Dorn Street,2836.77,14266.81,0.0541459705368338,0.1390928400133924,0.3172238000724527,0.5588331185199849,0.02113361078029,64,3.55,157.8,7,21,12,5,2,9,11,0
20132,Purcellville,VA,863240.9769207643,39.1662433,-77.7193885,Ashburn,26591.0,66730.38,0.0804667839603408,0.1766859791419813,0.4936094867275321,0.775148555883102,0.0235092334707181,0,0.0,0.0,0,0,0,0,0,0,0,0
20608,Aquasco,MD,401490.4901559079,38.5824048,-76.7009977,Branch Ave,32792.55,45151.9,0.029079783697058,0.0615020627097288,0.2742468051319726,0.67015204667654,0.0242602909500346,0,0.0,0.0,0,0,0,0,0,0,0,0
20011,Washington,DC,647473.6029168954,38.9525135,-77.0229909,Fort Totten,1801.96,6044.11,-0.035268951527124,-0.0692859615191437,0.0701767748038516,0.3973676341192102,0.0268380074332599,139,3.8,138.4,2,40,10,4,18,23,36,0
20706,Lanham Seabrook,MD,434059.3513154816,38.9658795,-76.8510911,New Carrollton,2722.47,17055.25,0.0377860613108942,0.0702926571914213,0.2981728294616146,0.7354892933230952,0.0207047449116138,47,2.48,36.2,2,8,11,1,5,8,2,0
22181,Vienna,VA,1097427.9033774512,38.9066515,-77.2933878,Vienna/Fairfax-GMU,3733.19,22975.17,0.0879637439707418,0.1864983177055123,0.3822778862511963,0.5226914699682368,0.025032777922862,1,0.0,0.0,0,0,0,0,0,0,0,0
22150,Springfield,VA,671400.2943209466,38.7728635,-77.1865229,Franconia-Springfield,1709.5,19566.39,0.059482689730669,0.1406099336996873,0.3314040839436217,0.5732168683382327,0.0229229289050933,149,3.69,446.3,23,54,45,10,20,30,15,0
22716,Castleton,VA,575557.46194564,38.629259,-78.1040192,Washington Dulles International Airport,67448.66,97963.85,0.0503332791212424,0.1719733991870349,0.4712600091634433,0.6375949594704059,0.0334042120074119,0,0.0,0.0,0,0,0,0,0,0,0,0
20004,Washington,DC,447394.7340518975,38.894888,-77.0286354,Federal Triangle,130.85,382.56,-0.0143595588981276,-0.0491619948244938,-0.0666106361227691,-0.0775456530148906,0.010260265984216,945,3.92,2470.9,57,322,180,78,166,277,233,22
20871,Clarksburg,MD,646001.4196655643,39.261341,-77.2825473,Shady Grove,18719.0,45955.99,0.0381055235716995,0.0953842903973228,0.3280043487144743,0.4311081734641449,0.019641175369994,3,1.33,1.3,0,0,1,0,0,0,0,0
20190,Reston,VA,549437.131515945,38.9593221,-77.3392985,Wiehle-Reston East,1288.68,27761.15,0.0638236078501681,0.1503145097330947,0.263179762182777,0.31689346514772,0.0151866145241239,68,3.66,201.6,9,21,21,7,13,21,14,0
20144,Delaplane,VA,922662.532556074,38.9229905,-77.9469426,Ashburn,40422.94,79548.8,0.0485806961274434,0.0806767272529658,0.4291182009672426,0.5269058129202225,0.0320963995096891,0,0.0,0.0,0,0,0,0,0,0,0,0
20186,Warrenton,VA,572677.5860964971,38.6981628,-77.8513937,Washington Dulles International Airport,45175.2,74737.13,0.0618357669526449,0.1379129475519397,0.4192115833008397,0.6897667190487484,0.0209706024759775,0,0.0,0.0,0,0,0,0,0,0,0,0
20746,Suitland-Silver Hill,MD,334226.51445819676,38.8364025,-76.918265,Branch Ave,1173.15,11738.73,0.0204806226387208,0.0302727916643284,0.2286634641123369,0.746585445195835,0.0196654035778816,25,2.94,55.6,3,6,6,6,2,3,4,0
20910,Silver Spring,MD,672891.6988247284,39.0028825,-77.0366069,Silver Spring,1104.28,11651.96,0.0367536082294998,0.0561575499153373,0.2178096055030816,0.3761511016571118,0.0242435992481564,196,3.79,443.1,24,71,32,8,25,44,46,0
20197,Waterford,VA,1251286.1276706185,39.1954539,-77.6278178,Ashburn,24196.09,61432.44,0.0907103262106215,0.2182954859160218,0.6231319582055331,0.780257245989671,0.0274037386628628,1,5.0,6.0,0,1,0,0,0,0,0,0
20906,Silver Spring,MD,444801.78762361617,39.087321,-77.057159,Glenmont,2865.81,21167.36,0.041754439181259,0.0814687239492301,0.2296588764751939,0.5140091374321116,0.0164066697120763,24,3.35,77.3,2,12,7,3,4,2,2,0
22304,Alexandria,VA,443696.4824011979,38.8131405,-77.1121255,Van Dorn Street,2155.84,11942.06,0.0380091635134143,0.0956250250739231,0.2073015210128474,0.4125356639481201,0.0138828526087596,39,3.12,125.9,3,21,13,1,5,9,6,0
20905,Silver Spring,MD,685094.3602990416,39.1096454,-76.9884778,Glenmont,7734.04,23748.28,0.0528540313379594,0.096211122559471,0.3123922643959376,0.5079555336058851,0.0232236664116166,8,3.4,101.6,2,4,3,0,1,2,1,0
20017,Washington,DC,552970.1844711873,38.9381879,-76.9921262,Brookland-CUA,589.21,5418.01,-0.0359923378898758,-0.0874337081043089,0.0541666543043414,0.3977714080046992,0.0254033438524782,92,3.4,84.3,6,21,15,2,18,17,10,0
20716,Bowie,MD,441287.99264748726,38.9264277,-76.715028,Downtown Largo,11592.26,27267.33,0.0305231444286002,0.0869739273486655,0.3281929704317493,0.6968116693457095,0.0182213520681208,14,2.1,28.9,0,2,6,0,1,2,2,0
22742,Sumerduck,VA,489448.608485834,38.4663324,-77.7150723,Franconia-Springfield,57998.47,76569.31,0.0643303233399353,0.1585051865828375,0.4316536016835136,0.7674221762615158,0.0238463381259532,2,4.85,2.0,0,1,0,0,0,0,0,0
22553,Fredericksburg,VA,394600.0294731259,38.272028,-77.6477882,Franconia-Springfield,68957.02,88037.73,0.0303917408725865,0.0635574477628168,0.059788248791159,-0.0335691644804263,0.0235068464341492,0,0.0,0.0,0,0,0,0,0,0,0,0
20002,Washington,DC,645380.0602454763,38.9050256,-76.9836072,NoMa-Gallaudet U,1695.47,3921.98,-0.0322262835098367,-0.0923272607587795,-0.0150347383271531,0.2501229761765109,0.0185735262987825,274,3.87,457.6,16,88,30,19,44,64,85,3
22202,Arlington,VA,796395.6760704747,38.8568345,-77.0514843,Crystal City,131.52,5035.87,0.0358552428080907,0.0511722153269515,0.1436002060787941,0.3692599723953145,0.0194373758190941,251,3.67,499.5,23,116,76,13,44,79,71,1
20110,Manassas,VA,503863.6185762381,38.7475611,-77.484727,Washington Dulles International Airport,23369.0,42962.54,0.071002601682493,0.1859684073316092,0.450169257441354,0.740032788098315,0.021051299011189,66,3.7,163.9,3,23,14,0,10,20,15,0
22205,Arlington,VA,1156059.512995677,38.8835133,-77.1395237,East Falls Church,1549.75,9782.78,0.0752151384543068,0.1432609470632549,0.2861336966511792,0.521029133271655,0.0273310716570387,148,3.92,339.1,30,40,23,3,15,15,11,0
20006,Washington,DC,248130.71134834815,38.8986133,-77.0414677,Farragut West,332.51,1157.42,-0.0286888240499387,-0.0319163465192262,-0.0625923743364688,0.0157768435477792,0.0115727621576447,858,3.9,2116.0,57,336,152,63,174,293,268,19
22401,Fredericksburg,VA,457709.16493800463,38.2992718,-77.4866583,Franconia-Springfield,58815.74,77619.36,0.0484375729757487,0.1257405336289174,0.3721323228848217,0.6232322874268902,0.0191489685819537,56,3.21,93.2,2,13,20,5,7,14,3,0
20171,Herndon,VA,817230.990299149,38.924038,-77.3964793,Herndon,3346.45,32001.57,0.0584171200439843,0.1344484929387895,0.3330441379866116,0.475697406499014,0.0229129105830595,2,1.5,1.0,0,1,0,0,0,1,0,0
21798,Woodsboro,MD,502318.01368798193,39.5365106,-77.3026026,Shady Grove,47823.4,74801.8,0.0598009831781899,0.1543647816315672,0.4363342445834927,0.6440845171952968,0.0196628501745343,5,3.42,19.6,0,0,0,0,1,2,0,0
22206,Arlington,VA,560895.5870537183,38.8439166,-77.089408,Pentagon City,3350.84,8046.31,0.0503828624735246,0.0774649606046845,0.166672679430633,0.4064615290483312,0.0160158717962291,66,3.76,310.1,9,25,13,4,13,18,9,0
20124,Clifton,VA,1004578.559878699,38.7813316,-77.3913325,Vienna/Fairfax-GMU,14914.62,34042.32,0.0744860898013206,0.1520786903388671,0.4037090840146076,0.547634635288656,0.0248927834479493,7,4.3,395.7,0,5,2,0,4,3,2,0
20019,Washington,DC,373068.6973265366,38.8914117,-76.9435754,Benning Road,468.74,7354.95,-0.0286679024295652,-0.0551642308130346,0.0891616332680492,0.7344897282367788,0.0259825757619692,35,2.39,21.2,1,11,14,0,4,6,0,0
20015,Washington,DC,1391789.067923114,38.9668893,-77.058323,Friendship Heights,2486.0,8062.08,0.0300080727622574,0.0641108351349385,0.2933327503216095,0.4545969365211612,0.0298687662383355,18,3.29,137.7,0,0,0,0,0,0,0,0
